3acd7a,127.0.0.1,GET,http://localhost:8080/_fragment?_path=_format%3Dhtml%26_locale%3Den%26_controller%3DPetroPackMenuBundle%253AMenu%253Aitems,1491669292,fcb307,200
900cbf,127.0.0.1,GET,http://localhost:8080/_fragment?_path=_format%3Dhtml%26_locale%3Den%26_controller%3DPetroPackVentaBundle%253AVenta%253AitemForm,1491669292,fcb307,200
e5fb6d,127.0.0.1,GET,http://localhost:8080/_fragment?_path=_format%3Dhtml%26_locale%3Den%26_controller%3DPetroPackVentaBundle%253AVenta%253AitemFormRemove,1491669292,fcb307,200
fcb307,127.0.0.1,GET,http://localhost:8080/backend/new,1491669292,,200
e282d2,127.0.0.1,GET,http://localhost:8080/_fragment?_path=_format%3Dhtml%26_locale%3Den%26_controller%3DPetroPackMenuBundle%253AMenu%253Aitems,1491669338,472ddc,200
d6010e,127.0.0.1,GET,http://localhost:8080/_fragment?_path=_format%3Dhtml%26_locale%3Den%26_controller%3DPetroPackVentaBundle%253AVenta%253AitemForm,1491669338,472ddc,200
65ff7b,127.0.0.1,GET,http://localhost:8080/_fragment?_path=_format%3Dhtml%26_locale%3Den%26_controller%3DPetroPackVentaBundle%253AVenta%253AitemFormRemove,1491669338,472ddc,200
472ddc,127.0.0.1,GET,http://localhost:8080/backend/new,1491669338,,200
c6252a,127.0.0.1,GET,http://localhost:8080/_fragment?_path=_format%3Dhtml%26_locale%3Den%26_controller%3DPetroPackMenuBundle%253AMenu%253Aitems,1491669340,fd28ed,200
fd423f,127.0.0.1,GET,http://localhost:8080/_fragment?_path=_format%3Dhtml%26_locale%3Den%26_controller%3DPetroPackVentaBundle%253AVenta%253AitemForm,1491669341,fd28ed,200
470457,127.0.0.1,GET,http://localhost:8080/_fragment?_path=_format%3Dhtml%26_locale%3Den%26_controller%3DPetroPackVentaBundle%253AVenta%253AitemFormRemove,1491669341,fd28ed,200
fd28ed,127.0.0.1,GET,http://localhost:8080/backend/new,1491669341,,200
40c567,127.0.0.1,GET,http://localhost:8080/_fragment?_path=_format%3Dhtml%26_locale%3Den%26_controller%3DPetroPackMenuBundle%253AMenu%253Aitems,1491669343,f25ab6,200
73a5fc,127.0.0.1,GET,http://localhost:8080/_fragment?_path=_format%3Dhtml%26_locale%3Den%26_controller%3DPetroPackPaginadoBundle%253APaginado%253Ashow,1491669343,f25ab6,200
f25ab6,127.0.0.1,GET,http://localhost:8080/backend/producto/list/page/0,1491669343,,200
085574,127.0.0.1,GET,http://localhost:8080/_fragment?_path=_format%3Dhtml%26_locale%3Den%26_controller%3DPetroPackMenuBundle%253AMenu%253Aitems,1491669346,5a35d9,200
5a35d9,127.0.0.1,GET,http://localhost:8080/backend/cliente/list,1491669346,,200
473385,127.0.0.1,POST,http://localhost:8080/backend/cliente/all,1491669347,,200
e3a594,127.0.0.1,GET,http://localhost:8080/_fragment?_path=_format%3Dhtml%26_locale%3Den%26_controller%3DPetroPackMenuBundle%253AMenu%253Aitems,1491669350,10ca82,200
852012,127.0.0.1,GET,http://localhost:8080/_fragment?_path=_format%3Dhtml%26_locale%3Den%26_controller%3DPetroPackPaginadoBundle%253APaginado%253Ashow,1491669350,10ca82,200
10ca82,127.0.0.1,GET,http://localhost:8080/backend/producto/list/page/0,1491669350,,200
968aaf,127.0.0.1,GET,http://localhost:8080/_fragment?_path=_format%3Dhtml%26_locale%3Den%26_controller%3DPetroPackMenuBundle%253AMenu%253Aitems,1491669353,32ad56,200
32ad56,127.0.0.1,GET,http://localhost:8080/backend/producto/edit/1529,1491669353,,200
6d5fe4,127.0.0.1,GET,http://localhost:8080/_fragment?_path=_format%3Dhtml%26_locale%3Den%26_controller%3DPetroPackMenuBundle%253AMenu%253Aitems,1491669358,4f742e,200
5e99e9,127.0.0.1,GET,http://localhost:8080/_fragment?_path=_format%3Dhtml%26_locale%3Den%26_controller%3DPetroPackVentaBundle%253AVenta%253AitemForm,1491669358,4f742e,200
d332a0,127.0.0.1,GET,http://localhost:8080/_fragment?_path=_format%3Dhtml%26_locale%3Den%26_controller%3DPetroPackVentaBundle%253AVenta%253AitemFormRemove,1491669358,4f742e,200
4f742e,127.0.0.1,GET,http://localhost:8080/backend/new,1491669358,,200
a2cf90,127.0.0.1,GET,http://localhost:8080/backend/,1491696126,,200
8c556a,127.0.0.1,GET,http://localhost:8080/_fragment?_path=_format%3Dhtml%26_locale%3Den%26_controller%3DPetroPackMenuBundle%253AMenu%253Aitems,1491696148,c07e86,200
1bec0e,127.0.0.1,GET,http://localhost:8080/_fragment?_path=_format%3Dhtml%26_locale%3Den%26_controller%3DPetroPackVentaBundle%253AVenta%253AitemForm,1491696148,c07e86,200
8ca783,127.0.0.1,GET,http://localhost:8080/_fragment?_path=_format%3Dhtml%26_locale%3Den%26_controller%3DPetroPackVentaBundle%253AVenta%253AitemFormRemove,1491696148,c07e86,200
c07e86,127.0.0.1,GET,http://localhost:8080/backend/new,1491696148,,200
ff1a1c,127.0.0.1,GET,http://localhost:8080/frontend,1491697180,,301
bda363,127.0.0.1,GET,http://localhost:8080/frontend/,1491697183,,200
7b7e26,127.0.0.1,GET,http://localhost:8080/unify/HTML/E-commerce/assets/css/footers/footer-v4.css,1491697185,5ed2c4,200
5ed2c4,127.0.0.1,GET,http://localhost:8080/unify/HTML/E-commerce/assets/css/footers/footer-v4.css,1491697185,,404
8579aa,127.0.0.1,GET,http://localhost:8080/unify/HTML/E-commerce/assets/plugins/line-icons/line-icons.css,1491697185,6bf816,200
6bf816,127.0.0.1,GET,http://localhost:8080/unify/HTML/E-commerce/assets/plugins/line-icons/line-icons.css,1491697185,,404
e85296,127.0.0.1,GET,http://localhost:8080/unify/HTML/E-commerce/assets/plugins/bootstrap/css/bootstrap.min.css,1491697186,df42b5,200
721c84,127.0.0.1,GET,http://localhost:8080/unify/HTML/E-commerce/assets/plugins/font-awesome/css/font-awesome.min.css,1491697186,9cf01d,200
5ac838,127.0.0.1,GET,http://localhost:8080/unify/HTML/E-commerce/assets/plugins/scrollbar/css/jquery.mCustomScrollbar.css,1491697186,1ad58f,200
df42b5,127.0.0.1,GET,http://localhost:8080/unify/HTML/E-commerce/assets/plugins/bootstrap/css/bootstrap.min.css,1491697186,,404
9cf01d,127.0.0.1,GET,http://localhost:8080/unify/HTML/E-commerce/assets/plugins/font-awesome/css/font-awesome.min.css,1491697186,,404
1ad58f,127.0.0.1,GET,http://localhost:8080/unify/HTML/E-commerce/assets/plugins/scrollbar/css/jquery.mCustomScrollbar.css,1491697186,,404
19a3f4,127.0.0.1,GET,http://localhost:8080/unify/HTML/E-commerce/assets/plugins/animate.css,1491697186,100eb9,200
100eb9,127.0.0.1,GET,http://localhost:8080/unify/HTML/E-commerce/assets/plugins/animate.css,1491697186,,404
54c799,127.0.0.1,GET,http://localhost:8080/unify/HTML/E-commerce/assets/css/shop.style.css,1491697186,ef8de2,200
ef8de2,127.0.0.1,GET,http://localhost:8080/unify/HTML/E-commerce/assets/css/shop.style.css,1491697186,,404
881106,127.0.0.1,GET,http://localhost:8080/unify/HTML/E-commerce/assets/css/headers/header-v5.css,1491697186,4744e2,200
4744e2,127.0.0.1,GET,http://localhost:8080/unify/HTML/E-commerce/assets/css/headers/header-v5.css,1491697186,,404
f0bdb8,127.0.0.1,GET,http://localhost:8080/unify/HTML/E-commerce/assets/plugins/revolution-slider/rs-plugin/css/settings.css,1491697187,b7c268,200
4ae552,127.0.0.1,GET,http://localhost:8080/unify/HTML/E-commerce/assets/plugins/owl-carousel/owl-carousel/owl.carousel.css,1491697187,e953f2,200
b7c268,127.0.0.1,GET,http://localhost:8080/unify/HTML/E-commerce/assets/plugins/revolution-slider/rs-plugin/css/settings.css,1491697187,,404
1d2664,127.0.0.1,GET,http://localhost:8080/unify/HTML/E-commerce/assets/css/theme-colors/default.css,1491697187,8a64b6,200
8a64b6,127.0.0.1,GET,http://localhost:8080/unify/HTML/E-commerce/assets/css/theme-colors/default.css,1491697187,,404
e953f2,127.0.0.1,GET,http://localhost:8080/unify/HTML/E-commerce/assets/plugins/owl-carousel/owl-carousel/owl.carousel.css,1491697187,,404
dcff6e,127.0.0.1,GET,http://localhost:8080/unify/HTML/E-commerce/assets/css/custom.css,1491697187,871899,200
871899,127.0.0.1,GET,http://localhost:8080/unify/HTML/E-commerce/assets/css/custom.css,1491697187,,404
101e55,127.0.0.1,GET,http://localhost:8080/unify/HTML/E-commerce/assets/plugins/jquery/jquery.min.js,1491697187,fabaf1,200
fabaf1,127.0.0.1,GET,http://localhost:8080/unify/HTML/E-commerce/assets/plugins/jquery/jquery.min.js,1491697187,,404
ff8261,127.0.0.1,GET,http://localhost:8080/unify/HTML/E-commerce/assets/plugins/bootstrap/js/bootstrap.min.js,1491697188,87a0b3,200
87a0b3,127.0.0.1,GET,http://localhost:8080/unify/HTML/E-commerce/assets/plugins/bootstrap/js/bootstrap.min.js,1491697188,,404
652bd0,127.0.0.1,GET,http://localhost:8080/unify/HTML/E-commerce/assets/plugins/jquery.parallax.js,1491697188,a25900,200
a25900,127.0.0.1,GET,http://localhost:8080/unify/HTML/E-commerce/assets/plugins/jquery.parallax.js,1491697188,,404
d26587,127.0.0.1,GET,http://localhost:8080/unify/HTML/E-commerce/assets/plugins/smoothScroll.js,1491697188,b9d3e9,200
b9d3e9,127.0.0.1,GET,http://localhost:8080/unify/HTML/E-commerce/assets/plugins/smoothScroll.js,1491697188,,404
541d8f,127.0.0.1,GET,http://localhost:8080/unify/HTML/E-commerce/assets/plugins/owl-carousel/owl-carousel/owl.carousel.js,1491697188,dd79e7,200
1e6e42,127.0.0.1,GET,http://localhost:8080/unify/HTML/E-commerce/assets/plugins/back-to-top.js,1491697188,1c9a64,200
dd79e7,127.0.0.1,GET,http://localhost:8080/unify/HTML/E-commerce/assets/plugins/owl-carousel/owl-carousel/owl.carousel.js,1491697188,,404
1c9a64,127.0.0.1,GET,http://localhost:8080/unify/HTML/E-commerce/assets/plugins/back-to-top.js,1491697188,,404
9659c4,127.0.0.1,GET,http://localhost:8080/unify/HTML/E-commerce/assets/plugins/jquery/jquery-migrate.min.js,1491697188,057aa5,200
057aa5,127.0.0.1,GET,http://localhost:8080/unify/HTML/E-commerce/assets/plugins/jquery/jquery-migrate.min.js,1491697188,,404
c2d87b,127.0.0.1,GET,http://localhost:8080/unify/HTML/E-commerce/assets/img/logo.png,1491697188,0805df,200
db01db,127.0.0.1,GET,http://localhost:8080/unify/HTML/E-commerce/assets/img/thumb/03.jpg,1491697188,78d643,200
0805df,127.0.0.1,GET,http://localhost:8080/unify/HTML/E-commerce/assets/img/logo.png,1491697189,,404
e7699c,127.0.0.1,GET,http://localhost:8080/unify/HTML/E-commerce/assets/img/thumb/02.jpg,1491697188,85bbf7,200
78d643,127.0.0.1,GET,http://localhost:8080/unify/HTML/E-commerce/assets/img/thumb/03.jpg,1491697189,,404
f48d3e,127.0.0.1,GET,http://localhost:8080/unify/HTML/E-commerce/assets/plugins/bootstrap/js/bootstrap.min.js,1491697189,f7f5f8,200
3d5dcc,127.0.0.1,GET,http://localhost:8080/unify/HTML/E-commerce/assets/img/thumb/05.jpg,1491697189,7bc7bf,200
7bc7bf,127.0.0.1,GET,http://localhost:8080/unify/HTML/E-commerce/assets/img/thumb/05.jpg,1491697189,,404
f7f5f8,127.0.0.1,GET,http://localhost:8080/unify/HTML/E-commerce/assets/plugins/bootstrap/js/bootstrap.min.js,1491697189,,404
85bbf7,127.0.0.1,GET,http://localhost:8080/unify/HTML/E-commerce/assets/img/thumb/02.jpg,1491697189,,404
cc97b9,127.0.0.1,GET,http://localhost:8080/unify/HTML/E-commerce/assets/plugins/scrollbar/js/jquery.mCustomScrollbar.concat.min.js,1491697189,ad5cd0,200
ad5cd0,127.0.0.1,GET,http://localhost:8080/unify/HTML/E-commerce/assets/plugins/scrollbar/js/jquery.mCustomScrollbar.concat.min.js,1491697189,,404
6f26f6,127.0.0.1,GET,http://localhost:8080/unify/HTML/E-commerce/assets/plugins/revolution-slider/rs-plugin/js/jquery.themepunch.tools.min.js,1491697189,643015,200
d1040c,127.0.0.1,GET,http://localhost:8080/unify/HTML/E-commerce/assets/plugins/revolution-slider/rs-plugin/js/jquery.themepunch.revolution.min.js,1491697189,bd2fa9,200
bd2fa9,127.0.0.1,GET,http://localhost:8080/unify/HTML/E-commerce/assets/plugins/revolution-slider/rs-plugin/js/jquery.themepunch.revolution.min.js,1491697189,,404
643015,127.0.0.1,GET,http://localhost:8080/unify/HTML/E-commerce/assets/plugins/revolution-slider/rs-plugin/js/jquery.themepunch.tools.min.js,1491697189,,404
fee02d,127.0.0.1,GET,http://localhost:8080/unify/HTML/E-commerce/assets/js/custom.js,1491697189,130a2f,200
f6b1ea,127.0.0.1,GET,http://localhost:8080/unify/HTML/E-commerce/assets/js/shop.app.js,1491697190,648c8d,200
66e486,127.0.0.1,GET,http://localhost:8080/unify/HTML/E-commerce/assets/plugins/back-to-top.js,1491697189,dfcaa1,200
648c8d,127.0.0.1,GET,http://localhost:8080/unify/HTML/E-commerce/assets/js/shop.app.js,1491697190,,404
130a2f,127.0.0.1,GET,http://localhost:8080/unify/HTML/E-commerce/assets/js/custom.js,1491697190,,404
dfcaa1,127.0.0.1,GET,http://localhost:8080/unify/HTML/E-commerce/assets/plugins/back-to-top.js,1491697190,,404
4b5e01,127.0.0.1,GET,http://localhost:8080/unify/HTML/E-commerce/assets/js/plugins/owl-carousel.js,1491697190,9fb97f,200
9fb97f,127.0.0.1,GET,http://localhost:8080/unify/HTML/E-commerce/assets/js/plugins/owl-carousel.js,1491697190,,404
a202db,127.0.0.1,GET,http://localhost:8080/unify/HTML/E-commerce/assets/js/plugins/style-switcher.js,1491697190,17a68f,200
17a68f,127.0.0.1,GET,http://localhost:8080/unify/HTML/E-commerce/assets/js/plugins/style-switcher.js,1491697190,,404
3fc729,127.0.0.1,GET,http://localhost:8080/unify/HTML/E-commerce/assets/js/plugins/revolution-slider.js,1491697190,18f00f,200
18f00f,127.0.0.1,GET,http://localhost:8080/unify/HTML/E-commerce/assets/js/plugins/revolution-slider.js,1491697190,,404
669596,127.0.0.1,GET,http://localhost:8080/unify/HTML/E-commerce/assets/plugins/smoothScroll.js,1491697190,853927,200
4082c9,127.0.0.1,GET,http://localhost:8080/unify/HTML/E-commerce/assets/img/blog/01.jpg,1491697190,ef7ec1,200
ef7ec1,127.0.0.1,GET,http://localhost:8080/unify/HTML/E-commerce/assets/img/blog/01.jpg,1491697191,,404
9142fc,127.0.0.1,GET,http://localhost:8080/unify/HTML/E-commerce/assets/img/blog/03.jpg,1491697190,beada1,200
71e6e2,127.0.0.1,GET,http://localhost:8080/unify/HTML/E-commerce/assets/img/blog/02.jpg,1491697190,e6138a,200
beada1,127.0.0.1,GET,http://localhost:8080/unify/HTML/E-commerce/assets/img/blog/03.jpg,1491697191,,404
e6138a,127.0.0.1,GET,http://localhost:8080/unify/HTML/E-commerce/assets/img/blog/02.jpg,1491697191,,404
853927,127.0.0.1,GET,http://localhost:8080/unify/HTML/E-commerce/assets/plugins/smoothScroll.js,1491697190,,404
4764bb,127.0.0.1,GET,http://localhost:8080/unify/HTML/E-commerce/assets/img/1.jpg,1491697191,bac8af,200
bac8af,127.0.0.1,GET,http://localhost:8080/unify/HTML/E-commerce/assets/img/1.jpg,1491697191,,404
7207c4,127.0.0.1,GET,http://localhost:8080/unify/HTML/E-commerce/assets/img/5.jpg,1491697191,6b2fd8,200
6b2fd8,127.0.0.1,GET,http://localhost:8080/unify/HTML/E-commerce/assets/img/5.jpg,1491697191,,404
019cd9,127.0.0.1,GET,http://localhost:8080/unify/HTML/E-commerce/assets/img/3.jpg,1491697191,d80a56,200
d80a56,127.0.0.1,GET,http://localhost:8080/unify/HTML/E-commerce/assets/img/3.jpg,1491697191,,404
4c24fe,127.0.0.1,GET,http://localhost:8080/unify/HTML/E-commerce/assets/img/2.jpg,1491697191,64fb20,200
18b3b2,127.0.0.1,GET,http://localhost:8080/unify/HTML/E-commerce/assets/img/blog/09.jpg,1491697191,aac30a,200
4fa47f,127.0.0.1,GET,http://localhost:8080/unify/HTML/E-commerce/assets/img/4.jpg,1491697191,a0b174,200
aac30a,127.0.0.1,GET,http://localhost:8080/unify/HTML/E-commerce/assets/img/blog/09.jpg,1491697191,,404
64fb20,127.0.0.1,GET,http://localhost:8080/unify/HTML/E-commerce/assets/img/2.jpg,1491697191,,404
a0b174,127.0.0.1,GET,http://localhost:8080/unify/HTML/E-commerce/assets/img/4.jpg,1491697191,,404
3ed5f3,127.0.0.1,GET,http://localhost:8080/unify/HTML/E-commerce/assets/plugins/jquery.parallax.js,1491697191,a51e01,200
a51e01,127.0.0.1,GET,http://localhost:8080/unify/HTML/E-commerce/assets/plugins/jquery.parallax.js,1491697192,,404
7119c8,127.0.0.1,GET,http://localhost:8080/unify/HTML/E-commerce/assets/img/blog/26.jpg,1491697192,3dfc50,200
3dfc50,127.0.0.1,GET,http://localhost:8080/unify/HTML/E-commerce/assets/img/blog/26.jpg,1491697192,,404
93fb4e,127.0.0.1,GET,http://localhost:8080/unify/HTML/E-commerce/assets/img/blog/12.jpg,1491697192,073407,200
62859f,127.0.0.1,GET,http://localhost:8080/unify/HTML/E-commerce/assets/img/blog/11.jpg,1491697192,2b8b98,200
2b8b98,127.0.0.1,GET,http://localhost:8080/unify/HTML/E-commerce/assets/img/blog/11.jpg,1491697192,,404
073407,127.0.0.1,GET,http://localhost:8080/unify/HTML/E-commerce/assets/img/blog/12.jpg,1491697192,,404
10c21c,127.0.0.1,GET,http://localhost:8080/unify/HTML/E-commerce/assets/img/blog/10.jpg,1491697192,decc4f,200
ddaca0,127.0.0.1,GET,http://localhost:8080/unify/HTML/E-commerce/assets/img/blog/25.jpg,1491697192,7cde14,200
decc4f,127.0.0.1,GET,http://localhost:8080/unify/HTML/E-commerce/assets/img/blog/10.jpg,1491697192,,404
7cde14,127.0.0.1,GET,http://localhost:8080/unify/HTML/E-commerce/assets/img/blog/25.jpg,1491697192,,404
9b0c11,127.0.0.1,GET,http://localhost:8080/unify/HTML/E-commerce/assets/img/thumb/08.jpg,1491697192,2e1d3f,200
0428fa,127.0.0.1,GET,http://localhost:8080/unify/HTML/E-commerce/assets/plugins/owl-carousel/owl-carousel/owl.carousel.js,1491697192,27a020,200
2e1d3f,127.0.0.1,GET,http://localhost:8080/unify/HTML/E-commerce/assets/img/thumb/08.jpg,1491697193,,404
27a020,127.0.0.1,GET,http://localhost:8080/unify/HTML/E-commerce/assets/plugins/owl-carousel/owl-carousel/owl.carousel.js,1491697193,,404
311390,127.0.0.1,GET,http://localhost:8080/unify/HTML/E-commerce/assets/img/thumb/09.jpg,1491697193,3ddb05,200
3ddb05,127.0.0.1,GET,http://localhost:8080/unify/HTML/E-commerce/assets/img/thumb/09.jpg,1491697193,,404
5d9052,127.0.0.1,GET,http://localhost:8080/unify/HTML/E-commerce/assets/img/thumb/06.jpg,1491697193,1e53a5,200
3c48c6,127.0.0.1,GET,http://localhost:8080/unify/HTML/E-commerce/assets/img/thumb/10.jpg,1491697193,86069f,200
86069f,127.0.0.1,GET,http://localhost:8080/unify/HTML/E-commerce/assets/img/thumb/10.jpg,1491697193,,404
96e40e,127.0.0.1,GET,http://localhost:8080/unify/HTML/E-commerce/assets/img/thumb/07.jpg,1491697193,5ca90a,200
5ca90a,127.0.0.1,GET,http://localhost:8080/unify/HTML/E-commerce/assets/img/thumb/07.jpg,1491697193,,404
1e53a5,127.0.0.1,GET,http://localhost:8080/unify/HTML/E-commerce/assets/img/thumb/06.jpg,1491697193,,404
744e07,127.0.0.1,GET,http://localhost:8080/unify/HTML/E-commerce/assets/img/thumb/04.jpg,1491697193,791e7c,200
7263af,127.0.0.1,GET,http://localhost:8080/unify/HTML/E-commerce/assets/img/clients/07.png,1491697193,f3b32e,200
f3b32e,127.0.0.1,GET,http://localhost:8080/unify/HTML/E-commerce/assets/img/clients/07.png,1491697193,,404
791e7c,127.0.0.1,GET,http://localhost:8080/unify/HTML/E-commerce/assets/img/thumb/04.jpg,1491697193,,404
18d057,127.0.0.1,GET,http://localhost:8080/unify/HTML/E-commerce/assets/plugins/scrollbar/js/jquery.mCustomScrollbar.concat.min.js,1491697193,49e30d,200
49e30d,127.0.0.1,GET,http://localhost:8080/unify/HTML/E-commerce/assets/plugins/scrollbar/js/jquery.mCustomScrollbar.concat.min.js,1491697194,,404
08f78d,127.0.0.1,GET,http://localhost:8080/unify/HTML/E-commerce/assets/img/clients/10.png,1491697194,c4836a,200
2ce5a8,127.0.0.1,GET,http://localhost:8080/unify/HTML/E-commerce/assets/img/clients/08.png,1491697194,390c9a,200
c4836a,127.0.0.1,GET,http://localhost:8080/unify/HTML/E-commerce/assets/img/clients/10.png,1491697194,,404
1048e8,127.0.0.1,GET,http://localhost:8080/unify/HTML/E-commerce/assets/img/clients/11.png,1491697194,6592a6,200
390c9a,127.0.0.1,GET,http://localhost:8080/unify/HTML/E-commerce/assets/img/clients/08.png,1491697194,,404
6592a6,127.0.0.1,GET,http://localhost:8080/unify/HTML/E-commerce/assets/img/clients/11.png,1491697194,,404
30ea48,127.0.0.1,GET,http://localhost:8080/unify/HTML/E-commerce/assets/img/clients/12.png,1491697194,d11735,200
d11735,127.0.0.1,GET,http://localhost:8080/unify/HTML/E-commerce/assets/img/clients/12.png,1491697194,,404
a5ac2b,127.0.0.1,GET,http://localhost:8080/unify/HTML/E-commerce/assets/img/clients/09.png,1491697194,c73dda,200
c73dda,127.0.0.1,GET,http://localhost:8080/unify/HTML/E-commerce/assets/img/clients/09.png,1491697194,,404
ef9d5e,127.0.0.1,GET,http://localhost:8080/unify/HTML/E-commerce/assets/img/logo-2.png,1491697194,8a8fc1,200
8a8fc1,127.0.0.1,GET,http://localhost:8080/unify/HTML/E-commerce/assets/img/logo-2.png,1491697194,,404
eabaf1,127.0.0.1,GET,http://localhost:8080/unify/HTML/E-commerce/assets/plugins/revolution-slider/rs-plugin/js/jquery.themepunch.tools.min.js,1491697194,6f524d,200
6f524d,127.0.0.1,GET,http://localhost:8080/unify/HTML/E-commerce/assets/plugins/revolution-slider/rs-plugin/js/jquery.themepunch.tools.min.js,1491697194,,404
49a128,127.0.0.1,GET,http://localhost:8080/unify/HTML/E-commerce/assets/plugins/revolution-slider/rs-plugin/js/jquery.themepunch.revolution.min.js,1491697195,28d2c0,200
28d2c0,127.0.0.1,GET,http://localhost:8080/unify/HTML/E-commerce/assets/plugins/revolution-slider/rs-plugin/js/jquery.themepunch.revolution.min.js,1491697195,,404
b73867,127.0.0.1,GET,http://localhost:8080/unify/HTML/E-commerce/assets/js/custom.js,1491697195,5820e4,200
5820e4,127.0.0.1,GET,http://localhost:8080/unify/HTML/E-commerce/assets/js/custom.js,1491697195,,404
21f8e6,127.0.0.1,GET,http://localhost:8080/unify/HTML/E-commerce/assets/js/shop.app.js,1491697195,b86fbb,200
b86fbb,127.0.0.1,GET,http://localhost:8080/unify/HTML/E-commerce/assets/js/shop.app.js,1491697195,,404
7179f3,127.0.0.1,GET,http://localhost:8080/unify/HTML/E-commerce/assets/js/plugins/owl-carousel.js,1491697196,502692,200
502692,127.0.0.1,GET,http://localhost:8080/unify/HTML/E-commerce/assets/js/plugins/owl-carousel.js,1491697196,,404
688448,127.0.0.1,GET,http://localhost:8080/unify/HTML/E-commerce/assets/js/plugins/revolution-slider.js,1491697196,11ab7b,200
11ab7b,127.0.0.1,GET,http://localhost:8080/unify/HTML/E-commerce/assets/js/plugins/revolution-slider.js,1491697196,,404
8798bb,127.0.0.1,GET,http://localhost:8080/unify/HTML/E-commerce/assets/js/plugins/style-switcher.js,1491697196,6a3ecd,200
6a3ecd,127.0.0.1,GET,http://localhost:8080/unify/HTML/E-commerce/assets/js/plugins/style-switcher.js,1491697196,,404
4426b2,127.0.0.1,GET,http://localhost:8080/frontend/,1491697399,,200
